<?xml version="1.0" encoding="UTF-8"?>
<project-private xmlns="http://www.netbeans.org/ns/project-private/1">
    <editor-bookmarks xmlns="http://www.netbeans.org/ns/editor-bookmarks/2" lastBookmarkId="0"/>
    <open-files xmlns="http://www.netbeans.org/ns/projectui-open-files/2">
        <group>
            <file>file:/C:/Users/isabe/Desktop/PROYECTO%20PDOO/Java/P5/P5/irrgarten/irrgarten/src/irrgarten/UI/UI.java</file>
            <file>file:/C:/Users/isabe/Desktop/PROYECTO%20PDOO/Java/P5/P5/irrgarten/irrgarten/src/irrgarten/Controller/Controller.java</file>
            <file>file:/C:/Users/isabe/Desktop/PROYECTO%20PDOO/Java/P5/P5/irrgarten/irrgarten/src/irrgarten/UI/TextUI.java</file>
            <file>file:/C:/Users/isabe/Desktop/PROYECTO%20PDOO/Java/P5/P5/irrgarten/irrgarten/src/irrgarten/Game.java</file>
            <file>file:/C:/Users/isabe/Desktop/PROYECTO%20PDOO/Java/P5/P5/irrgarten/irrgarten/src/irrgarten/UI/InterfazUI.java</file>
        </group>
    </open-files>
</project-private>
