<?xml version="1.0" encoding="UTF-8"?>
<project-private xmlns="http://www.netbeans.org/ns/project-private/1">
    <editor-bookmarks xmlns="http://www.netbeans.org/ns/editor-bookmarks/2" lastBookmarkId="0"/>
    <open-files xmlns="http://www.netbeans.org/ns/projectui-open-files/2">
        <group>
            <file>file:/C:/Users/Omnia%20Infosys/Desktop/PROYECTO%20PDOO/Java/irrgarten/irrgarten/src/irrgarten/Game.java</file>
            <file>file:/C:/Users/Omnia%20Infosys/Desktop/PROYECTO%20PDOO/Java/irrgarten/irrgarten/src/irrgarten/Player.java</file>
            <file>file:/C:/Users/Omnia%20Infosys/Desktop/PROYECTO%20PDOO/Java/irrgarten/irrgarten/src/irrgarten/Labyrinth.java</file>
            <file>file:/C:/Users/Omnia%20Infosys/Desktop/PROYECTO%20PDOO/Java/irrgarten/irrgarten/src/main/main.java</file>
            <file>file:/C:/Users/Omnia%20Infosys/Desktop/PROYECTO%20PDOO/Java/irrgarten/irrgarten/src/irrgarten/TestP1.java</file>
            <file>file:/C:/Users/Omnia%20Infosys/Desktop/PROYECTO%20PDOO/Java/irrgarten/irrgarten/src/irrgarten/Monster.java</file>
            <file>file:/C:/Users/Omnia%20Infosys/Desktop/PROYECTO%20PDOO/Java/irrgarten/irrgarten/src/irrgarten/Dice.java</file>
            <file>file:/C:/Users/Omnia%20Infosys/Desktop/PROYECTO%20PDOO/Java/irrgarten/irrgarten/src/irrgarten/GameState.java</file>
        </group>
    </open-files>
</project-private>
